protocol,dataset_key,dataset_name,model_key,evaluations,synthetic_total,elapsed_total,group_overlap_total,min_test_n,max_test_n,min_rare_count,max_rare_count,rmse_mean,rmse_std,mae_mean,mae_std,r2_mean,r2_std,wmse_mean,wmse_std,sera_mean,sera_std,oiha_mean,oiha_std,rare_ratio_mean,rare_ratio_std,rare_rmse_mean,rare_rmse_std,rare_mae_mean,rare_mae_std,normal_rmse_mean,normal_rmse_std,normal_mae_mean,normal_mae_std
protocol_sensitivity_grouped10fold,abalone,Abalone,ekk,10,0,0.256735,0,417,418,110,119,2.211894153559015,0.08984163317306247,1.5844088156209717,0.054261917098924,0.5275428987964459,0.04316556510693786,8.768982623878024,0.6340095642604253,3.124740360812095,0.2044787221023975,3.6707936895452704,0.35582836504791776,0.27315869792204517,0.007530821724699157,3.307902912812773,0.1362112731811628,2.531616773685794,0.07848137070621652,1.6162820575120058,0.1352391936879699,1.2290278596338164,0.055955663933001644
protocol_sensitivity_grouped10fold,abalone,Abalone,relevance_weighted_rf,10,0,2.0716930000000002,0,417,418,110,119,2.1455661100886245,0.0894188316693755,1.5221146799535379,0.05043851072079354,0.5559875144485446,0.03520634803635128,8.389369608876544,0.9639145878982118,2.9908973013476277,0.34171116648206973,3.446797991619448,0.3599708074411683,0.27315869792204517,0.007530821724699157,3.2380781888444203,0.2065652653342537,2.383430262101297,0.121739895501575,1.546592976515355,0.06343787429687733,1.1985007853582261,0.04853162037774783
protocol_sensitivity_grouped10fold,abalone,Abalone,rf,10,0,2.220503,0,417,418,110,119,2.1491319929969723,0.08878326332644908,1.5207259902846397,0.049165021366860254,0.5544581853591022,0.03580772559672776,8.350992051040752,0.9692078612811971,2.9767048664491407,0.338728435546469,3.463343246186748,0.3563996851584872,0.27315869792204517,0.007530821724699157,3.2270776721071086,0.20414165990063204,2.369045732735544,0.11226202929455481,1.5623305867423063,0.06028985150054873,1.202031611712902,0.04659152370172642
protocol_sensitivity_grouped10fold,abalone,Abalone,smogn_rf,10,17055,5.308308,0,417,418,110,119,2.179295854463897,0.09190648223208399,1.5743134288579026,0.06521510396392598,0.5418191313068134,0.037669562069793563,7.704773625138411,0.968363742371977,2.7482141762629193,0.34312992232322503,3.4924265074947582,0.3585961156566466,0.27315869792204517,0.007530821724699157,3.0429938415493374,0.21679292360524915,2.192430860783802,0.11548989222850638,1.7467462773485392,0.07582434686572717,1.3422745035094903,0.06154015513779199
protocol_sensitivity_grouped10fold,abalone,Abalone,smote_r_rf,10,17055,5.3907810000000005,0,417,418,110,119,2.200829272579243,0.09747337076157601,1.5944592781820204,0.06801087477567377,0.5326762852022824,0.040137530500567786,7.694764278906431,0.9350778251657091,2.744697969448804,0.32944293824057397,3.562573057649364,0.38290188040176626,0.27315869792204517,0.007530821724699157,3.0235620136872363,0.20425485998071316,2.1690826799959386,0.11977897897004205,1.7962557848831158,0.08681645884185613,1.3786617122580433,0.0663696628085123
protocol_sensitivity_grouped10fold,air_quality_no2,Air Quality NO2,ekk,10,0,0.247084,0,739,1060,121,211,25.071409361669645,5.251453122027523,18.4722789857551,2.6819298066353334,0.7234555077100804,0.11497208386635274,1125.9504531915231,868.7132947906582,335.82778153129004,276.08964986446165,371.8944587376669,275.3781896148677,0.17380812170201196,0.01147006295273081,39.69753871125632,12.541280199648202,29.75783494390175,8.958378451877797,20.375670044654715,1.6530598682567592,16.030279733324857,1.1088534732725444
protocol_sensitivity_grouped10fold,air_quality_no2,Air Quality NO2,relevance_weighted_rf,10,0,3.209093,0,739,1060,121,211,19.716538430562416,6.972896833069962,13.76652893642894,3.479767582723291,0.8199253087878032,0.14460083550253522,789.8035524608182,1014.3690296095931,237.9000101976244,319.2834239962634,258.9990914392698,320.20490071536557,0.17380812170201196,0.01147006295273081,31.36813896795232,15.856318527662319,22.696326999849155,10.732693848795991,15.783088668162776,2.4932948417844183,11.80957346222672,1.6402256069695194
protocol_sensitivity_grouped10fold,air_quality_no2,Air Quality NO2,rf,10,0,3.2046669999999997,0,739,1060,121,211,19.745709723006673,7.2072771469038805,13.759108851438421,3.5370891286958734,0.8184151406309311,0.151424301728045,796.8395003646632,1062.1764240696016,240.2416435215792,334.1410707221538,262.4716673281888,333.86128204114567,0.17380812170201196,0.01147006295273081,31.210909168310344,16.461298947543657,22.501233258706076,11.11807173583745,15.86087067006942,2.507551879437703,11.836460205965603,1.6045912645691063
protocol_sensitivity_grouped10fold,air_quality_no2,Air Quality NO2,smogn_rf,10,45201,11.247764,0,739,1060,121,211,19.759220098169045,7.326595614998079,13.80654539132087,3.6336479505177786,0.8176834602380882,0.1549871013861367,751.295051528956,1086.559269634736,227.02216513163427,341.4215417757545,259.20130165042985,341.6081669330355,0.17380812170201196,0.01147006295273081,28.678816920845094,17.328473088061955,20.028985148341587,11.710041053534045,16.73021839072128,2.480878841509161,12.4061967854857,1.6138372991329717
protocol_sensitivity_grouped10fold,air_quality_no2,Air Quality NO2,smote_r_rf,10,45201,11.316025,0,739,1060,121,211,19.856924660983534,7.288461747291593,13.816803285378587,3.6088305204920146,0.8161811019573483,0.15422124125807887,751.9889119994368,1082.818036890145,227.1819633507968,340.25885692877245,261.7687150248822,340.32663015180475,0.17380812170201196,0.01147006295273081,28.592197154140177,17.33382025498594,19.71469793528781,11.683703959680397,16.887316894824842,2.4625201618124875,12.48522064834994,1.6023895825869847
protocol_sensitivity_grouped10fold,california_housing,California Housing,ekk,10,0,0.31249,0,2064,2064,301,329,0.7261293182575552,0.012291516720924734,0.5315449349666066,0.007211418117313739,0.6038745183661024,0.013960243688231575,1.0193605053359558,0.05363029935121366,0.3037517085704192,0.01600176206177563,0.3344404569399463,0.01564441634071084,0.15348837209302327,0.004945131578554172,1.3566670243908028,0.03748549822645046,1.1177264804812732,0.029516932062578462,0.5375890016309526,0.012413906781255845,0.4252369198578972,0.006387488401865916
protocol_sensitivity_grouped10fold,california_housing,California Housing,relevance_weighted_rf,10,0,8.447849,0,2064,2064,301,329,0.4977430213483836,0.01441412624993245,0.33415624560642865,0.007261584326708865,0.8137537560267208,0.011493437783746832,0.45326395443438355,0.03561644810637979,0.1350372807690207,0.010375489650714624,0.1479608102337318,0.011237926658866476,0.15348837209302327,0.004945131578554172,0.9000262954009154,0.042509241294219145,0.6648446796649944,0.02986261258203433,0.38186833417912125,0.010982945418660432,0.2742657869325427,0.005977005965548918
protocol_sensitivity_grouped10fold,california_housing,California Housing,rf,10,0,8.101677,0,2064,2064,301,329,0.4863639354457948,0.014112395156675901,0.3251296863085225,0.00633195913050114,0.8221618539670515,0.011214986966249679,0.4359069584337436,0.03493147646279426,0.12986283323051642,0.0101594273455397,0.14226766655908324,0.01119833497699996,0.15348837209302327,0.004945131578554172,0.8832821346444272,0.04117584371137653,0.6512696911075324,0.024876984607706765,0.3715269641259001,0.010680941118711602,0.2660525179043307,0.005592717420829237
protocol_sensitivity_grouped10fold,california_housing,California Housing,smogn_rf,10,128744,35.554092,0,2064,2064,301,329,0.5116391818060967,0.013073816794825725,0.35432455075855646,0.007369271311204559,0.8032241060553575,0.011209737269226288,0.3847949748682235,0.03042596651533399,0.11464035425130963,0.00879298104451491,0.1435704556407423,0.00972897624057542,0.15348837209302327,0.004945131578554172,0.7717277189313113,0.044720774201966344,0.5503672278448467,0.02537210381181926,0.4485472216077032,0.012411470994542392,0.3188524077964534,0.007334392933962845
protocol_sensitivity_grouped10fold,california_housing,California Housing,smote_r_rf,10,128744,36.322324,0,2064,2064,301,329,0.5125820715326564,0.013489063510308878,0.35373326401285643,0.006613581968211537,0.8024972573832223,0.011369939583892989,0.38735873298257284,0.029674471669215725,0.11540139818653328,0.008554614802566701,0.1446348468632332,0.01039700921743123,0.15348837209302327,0.004945131578554172,0.775070401773769,0.04239423701834908,0.553458939637881,0.023514627243220114,0.44885892309557196,0.010982067649124233,0.3175957520492625,0.0061064867648657865
protocol_sensitivity_grouped10fold,concrete,Concrete Compressive Strength,ekk,10,0,0.152707,0,99,108,14,23,10.436510433455389,0.5581764989865741,8.283712969677065,0.48095324568715236,0.605247661128323,0.027063414714364655,139.2036963269692,22.340956785203247,41.898317163131466,8.080393233731403,53.03082741328633,10.493277258756729,0.1752172931820793,0.027373966760912864,13.046176582884948,1.822365062352205,11.246989027818122,1.8241349677184135,9.752536212209417,0.4719392967131918,7.64058300722242,0.3592505015216313
protocol_sensitivity_grouped10fold,concrete,Concrete Compressive Strength,relevance_weighted_rf,10,0,1.258932,0,99,108,14,23,5.001230258034056,0.5627401611357612,3.665872306508395,0.3434861623705982,0.9078196429848855,0.0226970781922241,38.90328918616147,13.52650438411842,11.690066709753548,4.3190067976448425,12.031716522309168,4.303401130803019,0.1752172931820793,0.027373966760912864,7.324516410730072,1.7267570665919358,5.717972963960961,1.3617961520970234,4.293001440487364,0.598667722370315,3.237137676937139,0.32287431164054936
protocol_sensitivity_grouped10fold,concrete,Concrete Compressive Strength,rf,10,0,1.247464,0,99,108,14,23,5.006667892659915,0.6299213181009117,3.638968982490721,0.3543237563044436,0.9075797600077531,0.024141793148229486,39.41848163120518,14.937555274762472,11.846599244229987,4.737190628263569,12.301837553218608,4.772972159268253,0.1752172931820793,0.027373966760912864,7.443515873772128,1.7949817979094054,5.838140149181067,1.358531116601721,4.260533160056639,0.6388285932192551,3.182343517803015,0.3327345636577889
protocol_sensitivity_grouped10fold,concrete,Concrete Compressive Strength,smogn_rf,10,5994,2.034707,0,99,108,14,23,4.644531833435746,0.6276653008690474,3.438546620145894,0.3690164886488235,0.9205920202739432,0.021310062562845747,30.709142719702193,12.489643412558449,9.240965828878199,3.931051629039171,9.752634694750205,4.007550336619424,0.1752172931820793,0.027373966760912864,6.102044822863377,1.8086568781323145,4.589899820337251,1.2824109743901009,4.206552892275807,0.6554738540540738,3.201927277856645,0.37482274917682407
protocol_sensitivity_grouped10fold,concrete,Concrete Compressive Strength,smote_r_rf,10,5994,2.087554,0,99,108,14,23,4.732967260043468,0.5387774120134518,3.473426884127779,0.3132278990691702,0.9175437393427247,0.020080903177343543,32.1125646343407,11.668944505324392,9.655768112275009,3.7125645078298266,10.204491120778204,3.678753539118864,0.1752172931820793,0.027373966760912864,6.361998601969739,1.6912838916583428,4.700679467689073,1.234297077572282,4.2517955135907775,0.5539645996040922,3.2208517645073256,0.32880620198693916
protocol_sensitivity_grouped10fold,servo,Servo,ekk,10,0,0.171496,0,16,17,3,4,1.0932231292347558,0.1609925870285393,0.9044174188048076,0.0865396105971693,0.48316613039261896,0.09495778090691916,1.9296045532929251,1.0962905180918041,0.6887024360038406,0.43283312886372066,1.0892161069749977,0.40201077340285224,0.20330882352941176,0.027894375148702702,1.5947411046431494,0.46178878113841704,1.4684760157804113,0.40757597687341923,0.8859150477807054,0.13694108969287683,0.755637795226865,0.11982259164804128
protocol_sensitivity_grouped10fold,servo,Servo,relevance_weighted_rf,10,0,1.117536,0,16,17,3,4,0.6363404318133241,0.14213565451121526,0.4179096325285704,0.08715024560378046,0.8194473081006024,0.06942668310706122,0.887760552499496,0.4894350133406309,0.3142219514436101,0.186934993472023,0.37425890195460126,0.1939827643635923,0.20330882352941176,0.027894375148702702,1.1371743338548301,0.3070431101498247,0.9846519203054637,0.256857103137614,0.389585646283352,0.15124211376990604,0.27136399546862633,0.0908636392141576
protocol_sensitivity_grouped10fold,servo,Servo,rf,10,0,1.10479,0,16,17,3,4,0.6293578035600482,0.14827218609434398,0.4114376451238604,0.07788571668583222,0.8228628550560009,0.06391560496645703,0.9209664547460301,0.582273360701493,0.32424070471923794,0.22154949184375647,0.3588102685041476,0.21332550201658035,0.20330882352941176,0.027894375148702702,1.151519363369585,0.3548043379334345,0.9879650007400004,0.2622914484858818,0.3654930019861828,0.11886927590747366,0.2635084006761539,0.07540231067896287
protocol_sensitivity_grouped10fold,servo,Servo,smogn_rf,10,891,1.240853,0,16,17,3,4,0.6176404218207874,0.08491264016752476,0.4094348633331502,0.0808432772505417,0.8252523781449479,0.07227080167451147,0.7586296990348079,0.28397947050334044,0.2668213491540198,0.1078884446487502,0.3269969080902198,0.09914823424103239,0.20330882352941176,0.027894375148702702,1.0489463299311557,0.24006852430195008,0.8524570381823059,0.22775160213293222,0.4149947564496258,0.14047217951290844,0.29665915567996093,0.09550219499570087
protocol_sensitivity_grouped10fold,servo,Servo,smote_r_rf,10,891,1.241223,0,16,17,3,4,0.5910247554319582,0.1038818691655626,0.4002994461015536,0.07981820891710883,0.8385989673391512,0.06684948191683661,0.6397468444837885,0.25380385765478164,0.22518538817067565,0.09890526839242346,0.2959815718004391,0.12579199027731547,0.20330882352941176,0.027894375148702702,0.9378221498088694,0.20978996614639964,0.7786683750068268,0.16210446770270162,0.4362787870456241,0.15514658652798627,0.303022393887505,0.087863742769348
protocol_sensitivity_grouped10fold,tgss_bmi,TGSS BMI,ekk,10,0,0.471666,0,169,171,27,40,4.724384852478043,0.3096576630474376,3.6349831123064056,0.1668910473799962,0.10743854778350488,0.04994891938131913,44.92470408891645,8.550779903183967,13.68749210840917,2.782995066604703,13.931839050584662,2.8273291172915185,0.18994913318799958,0.022910595298949697,8.475943916952959,0.8685237060321437,7.704462175612093,0.6532400787521423,3.273789435574873,0.11448740511662268,2.6838836230171714,0.09152126595192667
protocol_sensitivity_grouped10fold,tgss_bmi,TGSS BMI,relevance_weighted_rf,10,0,1.5051809999999999,0,169,171,27,40,4.7882518457367915,0.28217483108268177,3.7126644620992644,0.1415573520854401,0.08213433555685903,0.0562088931617136,44.55053200050329,8.245024519038363,13.575916226465063,2.7188117977605923,13.999292356114855,2.650089814590955,0.18994913318799958,0.022910595298949697,8.395478484183396,0.8321656186283721,7.568517885327782,0.6132615791256295,3.428251335968177,0.17544241279350217,2.813397290863395,0.10603310842275766
protocol_sensitivity_grouped10fold,tgss_bmi,TGSS BMI,rf,10,0,1.644198,0,169,171,27,40,4.796138896981513,0.28332545984510993,3.710413092804784,0.17040348081235213,0.07947820807602243,0.049255383822598635,45.16609412140839,8.519858685697509,13.763620903928711,2.806085906749508,14.123359009004758,2.7359279450821017,0.18994913318799958,0.022910595298949697,8.470701744770942,0.841777716988197,7.641628680090271,0.6134150771496966,3.3999939234569885,0.17159795249681403,2.794671057116674,0.13185498097846055
protocol_sensitivity_grouped10fold,tgss_bmi,TGSS BMI,smogn_rf,10,9473,2.785893,0,169,171,27,40,5.01835029061113,0.32041644752073595,3.9165394629768846,0.16036180470499545,-0.008900385772982699,0.08239018820231153,43.8402206278309,9.145484987278982,13.369568729402284,3.0296420198094447,14.872238382546646,2.914997275755525,0.18994913318799958,0.022910595298949697,8.091972725536369,0.8818820279145846,7.0310006778272065,0.6394130258478536,3.957365169317922,0.23060380492429128,3.1910587968405384,0.1551073739084844
protocol_sensitivity_grouped10fold,tgss_bmi,TGSS BMI,smote_r_rf,10,9473,2.851405,0,169,171,27,40,5.021529820588259,0.3161300479664562,3.92573261393636,0.15587511621164668,-0.010710713504897895,0.08833558726427104,43.78058524209873,8.66441634715081,13.34814130455769,2.8769248767225952,14.870361652163021,2.9228141397227465,0.18994913318799958,0.022910595298949697,8.08631500614899,0.8956163417416947,6.99840002024049,0.6908615102383888,3.965117363762198,0.26198324463020073,3.212967126791289,0.20058302562035737
protocol_sensitivity_grouped10fold,tgss_income,TGSS approximate personal monthly net income,ekk,10,0,0.336414,0,252,258,28,34,18787.96983983081,2566.5277468905983,11107.755866932746,751.0234016639417,0.3395050462153767,0.06788266662936142,997487904.3261368,333876890.3155111,268328613.42978138,89762215.50978325,283286178.83981144,90532989.77605459,0.11896798989836892,0.00820926322999396,45680.07379227724,7834.737376400931,30089.03841213686,4332.475459839522,10754.42582000176,407.2453639487455,8537.677857656856,396.59745992432744
protocol_sensitivity_grouped10fold,tgss_income,TGSS approximate personal monthly net income,relevance_weighted_rf,10,0,1.492554,0,252,258,28,34,18489.06694182974,2616.4796772280547,10604.406897388893,718.4537310848367,0.3578479187975111,0.09493274217789692,951476030.0947243,328606327.1946595,255748315.34768146,87914177.25375031,279881434.07182956,90520380.82290436,0.11896798989836892,0.00820926322999396,44628.39822890685,8074.4725560604475,30021.443895162967,5160.459567328646,10773.704118059732,731.6399447518539,7983.82670507564,449.61441474745925
protocol_sensitivity_grouped10fold,tgss_income,TGSS approximate personal monthly net income,rf,10,0,1.705169,0,252,258,28,34,18472.77922460986,2628.3296529697013,10605.00242571198,772.9349288706647,0.35814000151805003,0.10252005056053588,952232133.773337,320201616.0139147,255880079.49989676,85429934.5769619,280290858.50676477,90555525.72604528,0.11896798989836892,0.00820926322999396,44709.48194144129,7902.371973030241,30062.212037162517,4924.6730162486365,10716.406289072576,846.5454009366048,7978.681893567964,454.1030888194293
protocol_sensitivity_grouped10fold,tgss_income,TGSS approximate personal monthly net income,smogn_rf,10,17523,4.131989,0,252,258,28,34,19427.003603252633,2582.289549389169,11969.220805096675,867.8700799088339,0.28950690665860906,0.10456179712972333,900565823.4416918,321340018.0921927,242182282.33491617,85832670.02824007,300046365.3769928,94819099.0807957,0.11896798989836892,0.00820926322999396,42035.01674793396,8423.445044166989,26367.767310039362,5360.066683881504,13644.646094740607,798.9936364345441,10026.135997580652,587.2680625246368
protocol_sensitivity_grouped10fold,tgss_income,TGSS approximate personal monthly net income,smote_r_rf,10,17523,4.170962,0,252,258,28,34,19899.62932558124,2292.5687802606467,12422.48266667535,840.479220139676,0.25340660127012854,0.09507026100597811,923506488.297526,294422904.7494596,248367450.9002058,78491536.68306051,313128136.24532425,87230394.68681055,0.11896798989836892,0.00820926322999396,42691.55093588372,7693.288169869571,26724.860567525182,4736.297335193247,14141.847424941347,819.4697353242872,10495.106721736493,656.2226815926421
protocol_sensitivity_grouped10fold,wine_quality_red,Wine Quality Red,ekk,10,0,0.222105,0,152,170,24,36,0.6524059683612065,0.03686055846357695,0.5058569784105165,0.02990352413396005,0.3443810970128208,0.0647927587892294,0.734485653576779,0.12486019191207108,0.21970763529401366,0.03951907498379885,0.25203176710061526,0.037361784168655515,0.1752191632723533,0.022070326923301003,1.1121422096438722,0.09887684016615499,1.003866788828534,0.09006697903031768,0.5001138942898475,0.0423651543816787,0.3995494483091563,0.033983668615869364
protocol_sensitivity_grouped10fold,wine_quality_red,Wine Quality Red,relevance_weighted_rf,10,0,1.259809,0,152,170,24,36,0.6319127061527132,0.042005759049304946,0.4936495851836553,0.02938562104106561,0.3854633781451889,0.06324671253449662,0.7017471528518252,0.16032946972290646,0.20974886229394712,0.048878598525080544,0.235632355058829,0.04769440684825273,0.1752191632723533,0.022070326923301003,1.0983122689843232,0.14988618936805273,0.9737106765005358,0.1321994960184818,0.4753809544173805,0.029023007994677084,0.39206560356181713,0.028153631522542327
protocol_sensitivity_grouped10fold,wine_quality_red,Wine Quality Red,rf,10,0,1.368813,0,152,170,24,36,0.6284990241302782,0.037085103735356104,0.4889698023102206,0.030496569634768454,0.39233666033760844,0.052745668180990385,0.6820664694314822,0.13970183864844973,0.20400390838027146,0.043581775550487,0.23143765509080003,0.04169555593857927,0.1752191632723533,0.022070326923301003,1.0830551375663502,0.13223266134097852,0.9639089956855372,0.1119141524304963,0.47697624048722825,0.03151325829232084,0.3883314924652674,0.02956328803762671
protocol_sensitivity_grouped10fold,wine_quality_red,Wine Quality Red,smogn_rf,10,9351,3.003321,0,152,170,24,36,0.6408794005188709,0.04359611026781216,0.49461275012716177,0.03320701884410071,0.3676276814252633,0.06924050845546394,0.6456846010358324,0.1610068626752771,0.19348605835047583,0.04999384976972715,0.23581176306621066,0.04567659493397975,0.1752191632723533,0.022070326923301003,1.0213831792016397,0.1598073181505229,0.8579579387654108,0.14748972774133612,0.5219871095049708,0.037279323055644,0.41772930700261374,0.031614105505963795
protocol_sensitivity_grouped10fold,wine_quality_red,Wine Quality Red,smote_r_rf,10,9351,2.98735,0,152,170,24,36,0.6397406461667601,0.04653879712732768,0.49214726575170326,0.03481737137975217,0.3692501993460353,0.07665715366604141,0.6107691159207312,0.15887140789891657,0.1832030197276881,0.04989000120778772,0.2322440568083243,0.04609747438214294,0.1752191632723533,0.022070326923301003,0.9894071162011011,0.16116236145795146,0.8269696497222018,0.1476591105460152,0.5331081020368278,0.037056780129865026,0.4211445468983195,0.02737852145953149
